x,m,y,n,z,q,p,w
PizzaMakerTest,main,PizzaMaker:1,makePizza,VegPizzaMaker:1,addToppings,bakePizza,InHouseAssortedPizzaMaker:1
PizzaMakerTest,main,PizzaMaker:1,makePizza,VegPizzaMaker:1,addToppings,bakePizza,NonVegPizzaMaker:1
PizzaMakerTest,main,PizzaMaker:1,makePizza,VegPizzaMaker:1,addToppings,customerWantsPackedPizza,InHouseAssortedPizzaMaker:1
PizzaMakerTest,main,PizzaMaker:1,makePizza,VegPizzaMaker:1,addToppings,customerWantsPackedPizza,NonVegPizzaMaker:1
PizzaMakerTest,main,PizzaMaker:1,makePizza,VegPizzaMaker:1,addToppings,packPizza,InHouseAssortedPizzaMaker:1
PizzaMakerTest,main,PizzaMaker:1,makePizza,VegPizzaMaker:1,addToppings,packPizza,NonVegPizzaMaker:1
PizzaMakerTest,main,PizzaMaker:1,makePizza,VegPizzaMaker:1,addToppings,preBakeCrust,InHouseAssortedPizzaMaker:1
PizzaMakerTest,main,PizzaMaker:1,makePizza,VegPizzaMaker:1,addToppings,preBakeCrust,NonVegPizzaMaker:1
PizzaMakerTest,main,PizzaMaker:1,makePizza,VegPizzaMaker:1,addToppings,preparePizzaDough,InHouseAssortedPizzaMaker:1
PizzaMakerTest,main,PizzaMaker:1,makePizza,VegPizzaMaker:1,addToppings,preparePizzaDough,NonVegPizzaMaker:1
PizzaMakerTest,main,PizzaMaker:1,makePizza,VegPizzaMaker:1,prepareIngredients,bakePizza,InHouseAssortedPizzaMaker:1
PizzaMakerTest,main,PizzaMaker:1,makePizza,VegPizzaMaker:1,prepareIngredients,bakePizza,NonVegPizzaMaker:1
PizzaMakerTest,main,PizzaMaker:1,makePizza,VegPizzaMaker:1,prepareIngredients,customerWantsPackedPizza,InHouseAssortedPizzaMaker:1
PizzaMakerTest,main,PizzaMaker:1,makePizza,VegPizzaMaker:1,prepareIngredients,customerWantsPackedPizza,NonVegPizzaMaker:1
PizzaMakerTest,main,PizzaMaker:1,makePizza,VegPizzaMaker:1,prepareIngredients,packPizza,InHouseAssortedPizzaMaker:1
PizzaMakerTest,main,PizzaMaker:1,makePizza,VegPizzaMaker:1,prepareIngredients,packPizza,NonVegPizzaMaker:1
PizzaMakerTest,main,PizzaMaker:1,makePizza,VegPizzaMaker:1,prepareIngredients,preBakeCrust,InHouseAssortedPizzaMaker:1
PizzaMakerTest,main,PizzaMaker:1,makePizza,VegPizzaMaker:1,prepareIngredients,preBakeCrust,NonVegPizzaMaker:1
PizzaMakerTest,main,PizzaMaker:1,makePizza,VegPizzaMaker:1,prepareIngredients,preparePizzaDough,InHouseAssortedPizzaMaker:1
PizzaMakerTest,main,PizzaMaker:1,makePizza,VegPizzaMaker:1,prepareIngredients,preparePizzaDough,NonVegPizzaMaker:1
PizzaMakerTest,main,PizzaMaker:2,makePizza,NonVegPizzaMaker:1,addToppings,bakePizza,InHouseAssortedPizzaMaker:1
PizzaMakerTest,main,PizzaMaker:2,makePizza,NonVegPizzaMaker:1,addToppings,bakePizza,VegPizzaMaker:1
PizzaMakerTest,main,PizzaMaker:2,makePizza,NonVegPizzaMaker:1,addToppings,customerWantsPackedPizza,InHouseAssortedPizzaMaker:1
PizzaMakerTest,main,PizzaMaker:2,makePizza,NonVegPizzaMaker:1,addToppings,customerWantsPackedPizza,VegPizzaMaker:1
PizzaMakerTest,main,PizzaMaker:2,makePizza,NonVegPizzaMaker:1,addToppings,packPizza,InHouseAssortedPizzaMaker:1
PizzaMakerTest,main,PizzaMaker:2,makePizza,NonVegPizzaMaker:1,addToppings,packPizza,VegPizzaMaker:1
PizzaMakerTest,main,PizzaMaker:2,makePizza,NonVegPizzaMaker:1,addToppings,preBakeCrust,InHouseAssortedPizzaMaker:1
PizzaMakerTest,main,PizzaMaker:2,makePizza,NonVegPizzaMaker:1,addToppings,preBakeCrust,VegPizzaMaker:1
PizzaMakerTest,main,PizzaMaker:2,makePizza,NonVegPizzaMaker:1,addToppings,preparePizzaDough,InHouseAssortedPizzaMaker:1
PizzaMakerTest,main,PizzaMaker:2,makePizza,NonVegPizzaMaker:1,addToppings,preparePizzaDough,VegPizzaMaker:1
PizzaMakerTest,main,PizzaMaker:2,makePizza,NonVegPizzaMaker:1,prepareIngredients,bakePizza,InHouseAssortedPizzaMaker:1
PizzaMakerTest,main,PizzaMaker:2,makePizza,NonVegPizzaMaker:1,prepareIngredients,bakePizza,VegPizzaMaker:1
PizzaMakerTest,main,PizzaMaker:2,makePizza,NonVegPizzaMaker:1,prepareIngredients,customerWantsPackedPizza,InHouseAssortedPizzaMaker:1
PizzaMakerTest,main,PizzaMaker:2,makePizza,NonVegPizzaMaker:1,prepareIngredients,customerWantsPackedPizza,VegPizzaMaker:1
PizzaMakerTest,main,PizzaMaker:2,makePizza,NonVegPizzaMaker:1,prepareIngredients,packPizza,InHouseAssortedPizzaMaker:1
PizzaMakerTest,main,PizzaMaker:2,makePizza,NonVegPizzaMaker:1,prepareIngredients,packPizza,VegPizzaMaker:1
PizzaMakerTest,main,PizzaMaker:2,makePizza,NonVegPizzaMaker:1,prepareIngredients,preBakeCrust,InHouseAssortedPizzaMaker:1
PizzaMakerTest,main,PizzaMaker:2,makePizza,NonVegPizzaMaker:1,prepareIngredients,preBakeCrust,VegPizzaMaker:1
PizzaMakerTest,main,PizzaMaker:2,makePizza,NonVegPizzaMaker:1,prepareIngredients,preparePizzaDough,InHouseAssortedPizzaMaker:1
PizzaMakerTest,main,PizzaMaker:2,makePizza,NonVegPizzaMaker:1,prepareIngredients,preparePizzaDough,VegPizzaMaker:1
PizzaMakerTest,main,PizzaMaker:3,makePizza,InHouseAssortedPizzaMaker:1,addToppings,bakePizza,NonVegPizzaMaker:1
PizzaMakerTest,main,PizzaMaker:3,makePizza,InHouseAssortedPizzaMaker:1,addToppings,bakePizza,VegPizzaMaker:1
PizzaMakerTest,main,PizzaMaker:3,makePizza,InHouseAssortedPizzaMaker:1,addToppings,preBakeCrust,NonVegPizzaMaker:1
PizzaMakerTest,main,PizzaMaker:3,makePizza,InHouseAssortedPizzaMaker:1,addToppings,preBakeCrust,VegPizzaMaker:1
PizzaMakerTest,main,PizzaMaker:3,makePizza,InHouseAssortedPizzaMaker:1,addToppings,preparePizzaDough,NonVegPizzaMaker:1
PizzaMakerTest,main,PizzaMaker:3,makePizza,InHouseAssortedPizzaMaker:1,addToppings,preparePizzaDough,VegPizzaMaker:1
PizzaMakerTest,main,PizzaMaker:3,makePizza,InHouseAssortedPizzaMaker:1,prepareIngredients,bakePizza,NonVegPizzaMaker:1
PizzaMakerTest,main,PizzaMaker:3,makePizza,InHouseAssortedPizzaMaker:1,prepareIngredients,bakePizza,VegPizzaMaker:1
PizzaMakerTest,main,PizzaMaker:3,makePizza,InHouseAssortedPizzaMaker:1,prepareIngredients,preBakeCrust,NonVegPizzaMaker:1
PizzaMakerTest,main,PizzaMaker:3,makePizza,InHouseAssortedPizzaMaker:1,prepareIngredients,preBakeCrust,VegPizzaMaker:1
PizzaMakerTest,main,PizzaMaker:3,makePizza,InHouseAssortedPizzaMaker:1,prepareIngredients,preparePizzaDough,NonVegPizzaMaker:1
PizzaMakerTest,main,PizzaMaker:3,makePizza,InHouseAssortedPizzaMaker:1,prepareIngredients,preparePizzaDough,VegPizzaMaker:1
