x,m,y,y,z,z,q,u,n,w
Flower_Bouquet_Test,main,PaperWrapper:1,PaperWrapper,RoseBouquet:2,RoseBouquet,cost,Glitter:1,cost,OrchidBouquet:1
Flower_Bouquet_Test,main,PaperWrapper:1,PaperWrapper,RoseBouquet:2,RoseBouquet,cost,Glitter:1,getDescription,OrchidBouquet:1
Flower_Bouquet_Test,main,PaperWrapper:1,PaperWrapper,RoseBouquet:2,RoseBouquet,cost,RibbonBow:1,cost,OrchidBouquet:1
Flower_Bouquet_Test,main,PaperWrapper:1,PaperWrapper,RoseBouquet:2,RoseBouquet,cost,RibbonBow:1,getDescription,OrchidBouquet:1
Flower_Bouquet_Test,main,PaperWrapper:1,PaperWrapper,RoseBouquet:2,RoseBouquet,cost,RibbonBow:2,cost,OrchidBouquet:1
Flower_Bouquet_Test,main,PaperWrapper:1,PaperWrapper,RoseBouquet:2,RoseBouquet,cost,RibbonBow:2,getDescription,OrchidBouquet:1
Flower_Bouquet_Test,main,PaperWrapper:2,PaperWrapper,OrchidBouquet:1,OrchidBouquet,cost,Glitter:1,cost,RoseBouquet:1
Flower_Bouquet_Test,main,PaperWrapper:2,PaperWrapper,OrchidBouquet:1,OrchidBouquet,cost,Glitter:1,cost,RoseBouquet:2
Flower_Bouquet_Test,main,PaperWrapper:2,PaperWrapper,OrchidBouquet:1,OrchidBouquet,cost,Glitter:1,getDescription,RoseBouquet:1
Flower_Bouquet_Test,main,PaperWrapper:2,PaperWrapper,OrchidBouquet:1,OrchidBouquet,cost,Glitter:1,getDescription,RoseBouquet:2
Flower_Bouquet_Test,main,PaperWrapper:2,PaperWrapper,OrchidBouquet:1,OrchidBouquet,cost,RibbonBow:1,cost,RoseBouquet:1
Flower_Bouquet_Test,main,PaperWrapper:2,PaperWrapper,OrchidBouquet:1,OrchidBouquet,cost,RibbonBow:1,cost,RoseBouquet:2
Flower_Bouquet_Test,main,PaperWrapper:2,PaperWrapper,OrchidBouquet:1,OrchidBouquet,cost,RibbonBow:1,getDescription,RoseBouquet:1
Flower_Bouquet_Test,main,PaperWrapper:2,PaperWrapper,OrchidBouquet:1,OrchidBouquet,cost,RibbonBow:1,getDescription,RoseBouquet:2
Flower_Bouquet_Test,main,PaperWrapper:2,PaperWrapper,OrchidBouquet:1,OrchidBouquet,cost,RibbonBow:2,cost,RoseBouquet:1
Flower_Bouquet_Test,main,PaperWrapper:2,PaperWrapper,OrchidBouquet:1,OrchidBouquet,cost,RibbonBow:2,cost,RoseBouquet:2
Flower_Bouquet_Test,main,PaperWrapper:2,PaperWrapper,OrchidBouquet:1,OrchidBouquet,cost,RibbonBow:2,getDescription,RoseBouquet:1
Flower_Bouquet_Test,main,PaperWrapper:2,PaperWrapper,OrchidBouquet:1,OrchidBouquet,cost,RibbonBow:2,getDescription,RoseBouquet:2
